#cgcid	PULID	dbCAN-PUL substrate	bitscore	signature pairs	dbCAN-sub substrate	dbCAN-sub substrate score
k141_54500|CGC2033	PUL0280	capsule polysaccharide synthesis	580.1	TC-TC;CAZyme-CAZyme;CAZyme-CAZyme;CAZyme-CAZyme;CAZyme-CAZyme		
k141_286736|CGC1128	PUL0254	capsule polysaccharide synthesis	653.4	TC-TC;TC-TC;CAZyme-CAZyme		
k141_365412|CGC1634	PUL0669	xylan	386.0	TC-TC;CAZyme-CAZyme		
k141_43840|CGC1968	PUL0648	xylan	2012.0	TC-TC;CAZyme-CAZyme;CAZyme-CAZyme;CAZyme-CAZyme;CAZyme-CAZyme	xylan	2.0
k141_114225|CGC68	PUL0097	host glycan	920.0	CAZyme-CAZyme;CAZyme-CAZyme;TC-TC		
k141_138679|CGC208	PUL0454	alpha-glucan	896.0	CAZyme-CAZyme;CAZyme-CAZyme;CAZyme-CAZyme;CAZyme-CAZyme;CAZyme-CAZyme;CAZyme-CAZyme;CAZyme-CAZyme;CAZyme-CAZyme	starch	4.0
k141_215930|CGC680	PUL0652	agarose	181.2	TC-TC;CAZyme-CAZyme		
k141_182236|CGC474	PUL0638	starch	474.0	CAZyme-CAZyme;TC-TC		
k141_328916|CGC1398	PUL0649	capsule polysaccharide synthesis	262.7	TC-TC;CAZyme-CAZyme		
k141_324400|CGC1360	PUL0538	galactomannan	351.8	TC-TC;CAZyme-CAZyme		
k141_122557|CGC115	PUL0642	starch	414.0	TC-TC;CAZyme-CAZyme		
k141_320321|CGC1335	PUL0575	raffinose	535.0	TF-TF;CAZyme-CAZyme		
k141_101377|CGC11	PUL0609	human milk oligosaccharide	2474.0	TC-TC;TC-TC;CAZyme-CAZyme	hostglycan	2.0
k141_152950|CGC300	PUL0609	human milk oligosaccharide	1607.0	CAZyme-CAZyme;TC-TC;TC-TC		
k141_336422|CGC1457	PUL0626	arabinan	306.0	TC-TC;CAZyme-CAZyme		
k141_208428|CGC642	PUL0419	pectin	723.4	CAZyme-CAZyme;CAZyme-CAZyme;TC-TC	rhamnose	2.0
k141_257166|CGC942	PUL0626	arabinan	603.0	TC-TC;CAZyme-CAZyme		
k141_157034|CGC320	PUL0345	xylan	245.0	TC-TC;CAZyme-CAZyme		
k141_27515|CGC1067	PUL0609	human milk oligosaccharide	1372.0	TC-TC;TC-TC;CAZyme-CAZyme		
k141_256098|CGC938	PUL0510	capsule polysaccharide synthesis	544.8	CAZyme-CAZyme;CAZyme-CAZyme;CAZyme-CAZyme;CAZyme-CAZyme		
k141_9917|CGC2317	PUL0323	galactan	365.0	CAZyme-CAZyme;TC-TC		
k141_153388|CGC304					beta-glucan	2.0
k141_250258|CGC905	PUL0143	capsule polysaccharide synthesis	376.7	CAZyme-CAZyme;TC-TC		
k141_361213|CGC1602	PUL0604	galactomannan	1063.0	TC-TC;CAZyme-CAZyme		
k141_235004|CGC793	PUL0525	capsule polysaccharide synthesis	746.0	CAZyme-CAZyme;CAZyme-CAZyme		
k141_170479|CGC414	PUL0661	capsule polysaccharide synthesis	184.5	TC-TC;CAZyme-CAZyme		
k141_55827|CGC2048	PUL0482	pectin	625.4	CAZyme-CAZyme;CAZyme-CAZyme;CAZyme-CAZyme		
k141_51297|CGC2013	PUL0209	galactan	374.7	TC-TC;CAZyme-CAZyme		
k141_78978|CGC2195	PUL0579	glycosaminoglycan	907.0	CAZyme-CAZyme;TC-TC		
k141_108730|CGC47	PUL0277	fructan	402.0	CAZyme-CAZyme;TC-TC		
k141_240414|CGC837	PUL0008	fructan	2267.0	TC-TC;CAZyme-CAZyme;CAZyme-CAZyme;CAZyme-CAZyme	fructan	2.0
k141_220827|CGC704	PUL0001	beta-mannan	2786.0	CAZyme-CAZyme;TC-TC		
k141_395432|CGC1835	PUL0088	raffinose	886.0	CAZyme-CAZyme;TC-TC		
k141_200961|CGC612	PUL0555	host glycan	297.4	CAZyme-CAZyme;TF-TF		
k141_394516|CGC1825	PUL0364	xylan	431.0	TC-TC;CAZyme-CAZyme		
k141_361625|CGC1604	PUL0158	human milk oligosaccharide	416.0	CAZyme-CAZyme;TC-TC		
k141_184901|CGC491	PUL0641	starch	977.0	TC-TC;CAZyme-CAZyme;STP-STP		
k141_81691|CGC2220	PUL0608	human milk oligosaccharide	1757.0	TC-TC;TC-TC;CAZyme-CAZyme		
k141_24415|CGC857	PUL0390	xylan	2691.0	CAZyme-CAZyme;CAZyme-CAZyme;TC-TC;TC-TC;TC-TC;TC-TC;TC-TC;TC-TC;TC-TC;TC-TC;TC-TC	xylan	6.0
k141_327026|CGC1379	PUL0311	cellulose	4935.0	CAZyme-CAZyme;TC-TC;CAZyme-CAZyme;TC-TC		
k141_52473|CGC2020	PUL0133	capsule polysaccharide synthesis	518.1	TC-TC;CAZyme-CAZyme;TC-TC		
k141_40016|CGC1861	PUL0517	capsule polysaccharide synthesis	358.0	CAZyme-CAZyme;TC-TC		
k141_6114|CGC2077	PUL0258	capsule polysaccharide synthesis	339.0	TC-TC;CAZyme-CAZyme		
k141_239384|CGC828	PUL0133	capsule polysaccharide synthesis	463.8	CAZyme-CAZyme;TC-TC;TC-TC		
k141_148275|CGC269	PUL0372	beta-glucoside	594.0	TC-TC;CAZyme-CAZyme		
k141_362047|CGC1606	PUL0575	raffinose	905.0	TC-TC;CAZyme-CAZyme		
k141_60111|CGC2067	PUL0510	capsule polysaccharide synthesis	405.2	CAZyme-CAZyme;CAZyme-CAZyme;CAZyme-CAZyme;CAZyme-CAZyme		
k141_366567|CGC1643	PUL0246	fucose	272.0	TC-TC;CAZyme-CAZyme		
k141_328919|CGC1404	PUL0529	pectin	1711.0	CAZyme-CAZyme;CAZyme-CAZyme;CAZyme-CAZyme;CAZyme-CAZyme;CAZyme-CAZyme;CAZyme-CAZyme		
k141_191124|CGC531	PUL0016	cellobiose	2072.0	TC-TC;TC-TC;CAZyme-CAZyme;TC-TC	beta-galactan,beta-glucan	2.0
k141_40305|CGC1889	PUL0517	capsule polysaccharide synthesis	545.0	CAZyme-CAZyme;TC-TC		
k141_44248|CGC1972	PUL0510	capsule polysaccharide synthesis	860.7	CAZyme-CAZyme;CAZyme-CAZyme;CAZyme-CAZyme;CAZyme-CAZyme;CAZyme-CAZyme		
k141_90465|CGC2260	PUL0642	starch	2222.0	CAZyme-CAZyme;TC-TC;TC-TC;CAZyme-CAZyme	sucrose	3.0
k141_196586|CGC575	PUL0579	glycosaminoglycan	915.0	CAZyme-CAZyme;TC-TC		
k141_238833|CGC825	PUL0253	capsule polysaccharide synthesis	867.8	CAZyme-CAZyme;CAZyme-CAZyme;CAZyme-CAZyme;CAZyme-CAZyme;CAZyme-CAZyme;CAZyme-CAZyme;CAZyme-CAZyme		
k141_294858|CGC1181	PUL0108	host glycan	252.4	CAZyme-CAZyme;TC-TC		
k141_311541|CGC1279	PUL0230	starch	511.2	TC-TC;CAZyme-CAZyme		
k141_357621|CGC1580	PUL0574	alpha-mannan	856.0	CAZyme-CAZyme;TF-TF		
k141_107852|CGC45	PUL0197	starch	1467.0	CAZyme-CAZyme;TC-TC;CAZyme-CAZyme		
k141_192093|CGC535	PUL0642	starch	584.0	CAZyme-CAZyme;TC-TC;TC-TC		
k141_185716|CGC501	PUL0575	raffinose	495.0	TC-TC;CAZyme-CAZyme		
k141_43479|CGC1964	PUL0368	human milk oligosaccharide	1267.9	TC-TC;TC-TC;TC-TC;TC-TC;STP-STP;STP-STP;STP-STP;STP-STP;STP-STP;STP-STP;CAZyme-CAZyme	xylan	6.0
k141_34533|CGC1513	PUL0368	human milk oligosaccharide	191.4	TC-TC;CAZyme-CAZyme		
k141_304928|CGC1246	PUL0625	xylan	1430.0	CAZyme-CAZyme;CAZyme-CAZyme	xylan	2.0
k141_91596|CGC2269	PUL0197	starch	784.0	CAZyme-CAZyme;TC-TC		
k141_398757|CGC1852	PUL0255	capsule polysaccharide synthesis	279.6	CAZyme-CAZyme;TC-TC		
k141_325054|CGC1367	PUL0111	melibiose	1834.0	TC-TC;CAZyme-CAZyme		
k141_350525|CGC1544	PUL0196	human milk oligosaccharide	981.0	CAZyme-CAZyme;STP-STP;TF-TF		
k141_131966|CGC161	PUL0600	galactomannan	862.0	TC-TC;CAZyme-CAZyme		
k141_264721|CGC1001	PUL0649	capsule polysaccharide synthesis	113.3	CAZyme-CAZyme;CAZyme-CAZyme		
k141_349660|CGC1537	PUL0044	arabinoxylan	2140.7	CAZyme-CAZyme;CAZyme-CAZyme;CAZyme-CAZyme;CAZyme-CAZyme;CAZyme-CAZyme;CAZyme-CAZyme;CAZyme-CAZyme	xylan	6.0
k141_348125|CGC1526	PUL0349	starch	1297.0	CAZyme-CAZyme;TC-TC		
k141_108992|CGC49	PUL0608	human milk oligosaccharide	2326.0	TC-TC;TC-TC;TC-TC;CAZyme-CAZyme		
k141_259405|CGC956	PUL0017	cellobiose	1200.0	CAZyme-CAZyme;TC-TC		
k141_399160|CGC1856	PUL0648	xylan	3204.0	TC-TC;CAZyme-CAZyme;TC-TC		
k141_169842|CGC407	PUL0500	capsule polysaccharide synthesis	1192.0	CAZyme-CAZyme;CAZyme-CAZyme		
k141_169089|CGC393	PUL0062	capsule polysaccharide synthesis	204.0	CAZyme-CAZyme;TC-TC		
k141_68470|CGC2127	PUL0637	starch	2485.0	TC-TC;TC-TC;CAZyme-CAZyme		
k141_153022|CGC301	PUL0609	human milk oligosaccharide	825.0	TC-TC;TC-TC;CAZyme-CAZyme		
k141_55074|CGC2039	PUL0522	capsule polysaccharide synthesis	768.9	CAZyme-CAZyme;CAZyme-CAZyme		
k141_181124|CGC470	PUL0280	capsule polysaccharide synthesis	554.0	CAZyme-CAZyme;CAZyme-CAZyme		
k141_177609|CGC454	PUL0638	starch	504.0	TC-TC;CAZyme-CAZyme		
k141_217548|CGC685	PUL0504	capsule polysaccharide synthesis	449.6	CAZyme-CAZyme;CAZyme-CAZyme;CAZyme-CAZyme		
k141_209534|CGC649					starch	2.0
k141_257198|CGC943	PUL0345	xylan	281.0	CAZyme-CAZyme;TC-TC		
k141_150411|CGC286	PUL0554	starch	4554.0	CAZyme-CAZyme;CAZyme-CAZyme;TC-TC;TC-TC	alpha-glucan	2.0
k141_389104|CGC1795	PUL0143	capsule polysaccharide synthesis	333.0	TC-TC;CAZyme-CAZyme		
k141_35647|CGC1575	PUL0561	alpha-galactan	771.0	CAZyme-CAZyme;TC-TC		
k141_279701|CGC1094	PUL0323	galactan	770.0	CAZyme-CAZyme;TC-TC;TC-TC		
k141_237088|CGC815	PUL0016	cellobiose	1284.0	TC-TC;CAZyme-CAZyme	hostglycan	4.0
k141_376042|CGC1702	PUL0519	starch	1539.0	CAZyme-CAZyme;TF-TF;CAZyme-CAZyme		
k141_304321|CGC1241	PUL0575	raffinose	1773.0	CAZyme-CAZyme;TC-TC;CAZyme-CAZyme	alpha-galactan	2.0
k141_34273|CGC1500	PUL0373	starch	658.0	CAZyme-CAZyme;TC-TC		
k141_210221|CGC654	PUL0510	capsule polysaccharide synthesis	143.60000000000002	CAZyme-CAZyme;CAZyme-CAZyme		
k141_331686|CGC1427	PUL0642	starch	1338.0	CAZyme-CAZyme;CAZyme-CAZyme;TC-TC;TC-TC		
k141_297215|CGC1188	PUL0529	pectin	3277.0	TC-TC;TC-TC;TC-TC;CAZyme-CAZyme		
k141_330711|CGC1421	PUL0452	capsule polysaccharide synthesis	129.0	CAZyme-CAZyme;CAZyme-CAZyme		
k141_171602|CGC421	PUL0058	glycogen	1444.0	CAZyme-CAZyme;CAZyme-CAZyme	glycogen	2.0
k141_183672|CGC483	PUL0510	capsule polysaccharide synthesis	581.2	CAZyme-CAZyme;CAZyme-CAZyme;CAZyme-CAZyme;CAZyme-CAZyme;CAZyme-CAZyme;CAZyme-CAZyme		
k141_351867|CGC1549	PUL0519	starch	677.0	TF-TF;CAZyme-CAZyme		
k141_351494|CGC1548	PUL0349	starch	616.0	CAZyme-CAZyme;TC-TC		
k141_363576|CGC1617	PUL0349	starch	374.0	CAZyme-CAZyme;TC-TC		
k141_266392|CGC1010	PUL0061	capsule polysaccharide synthesis	441.1	TC-TC;CAZyme-CAZyme		
k141_146453|CGC260	PUL0258	capsule polysaccharide synthesis	371.0	CAZyme-CAZyme;CAZyme-CAZyme;CAZyme-CAZyme;TC-TC		
k141_223803|CGC730	PUL0486	raffinose	576.0	CAZyme-CAZyme;TC-TC		
k141_221181|CGC707	PUL0609	human milk oligosaccharide	1327.0	CAZyme-CAZyme;TC-TC;TC-TC		
k141_299483|CGC1208	PUL0390	xylan	194.0	CAZyme-CAZyme;TC-TC		
k141_19293|CGC542	PUL0510	capsule polysaccharide synthesis	1300.8	CAZyme-CAZyme;CAZyme-CAZyme;CAZyme-CAZyme;CAZyme-CAZyme;CAZyme-CAZyme;CAZyme-CAZyme;CAZyme-CAZyme		
k141_312130|CGC1288	PUL0501	capsule polysaccharide synthesis	372.0	TC-TC;CAZyme-CAZyme		
k141_248024|CGC885	PUL0246	fucose	3479.0	TC-TC;TC-TC;TC-TC;TC-TC;CAZyme-CAZyme;CAZyme-CAZyme;CAZyme-CAZyme	hostglycan	4.0
k141_69737|CGC2142	PUL0593	starch	643.0	CAZyme-CAZyme;TC-TC;TC-TC		
k141_97864|CGC2310	PUL0013	arabinan	1185.0	CAZyme-CAZyme;TC-TC;TC-TC;TC-TC		
k141_405954|CGC1917	PUL0390	xylan	157.5	TC-TC;CAZyme-CAZyme		
k141_317022|CGC1316	PUL0131	capsule polysaccharide synthesis	141.7	CAZyme-CAZyme;CAZyme-CAZyme		
k141_134042|CGC181	PUL0311	cellulose	4651.0	TC-TC;CAZyme-CAZyme;TC-TC;CAZyme-CAZyme		
k141_383056|CGC1759	PUL0370	beta-glucoside	740.0	TC-TC;CAZyme-CAZyme		
k141_303385|CGC1235	PUL0648	xylan	1067.0	CAZyme-CAZyme;CAZyme-CAZyme;CAZyme-CAZyme	glycogen	2.0
k141_121778|CGC114	PUL0638	starch	592.0	CAZyme-CAZyme;TC-TC		
k141_328537|CGC1390	PUL0503	capsule polysaccharide synthesis	324.6	CAZyme-CAZyme;CAZyme-CAZyme		
k141_304965|CGC1247	PUL0452	capsule polysaccharide synthesis	613.0	CAZyme-CAZyme;TC-TC		
k141_161043|CGC349	PUL0609	human milk oligosaccharide	1038.0	TC-TC;CAZyme-CAZyme		
k141_343850|CGC1504	PUL0210	host glycan	634.0	CAZyme-CAZyme;CAZyme-CAZyme		
k141_352795|CGC1554	PUL0628	capsule polysaccharide synthesis	210.2	TC-TC;CAZyme-CAZyme		
k141_101706|CGC12	PUL0566	pectin	1045.0	CAZyme-CAZyme;CAZyme-CAZyme;TC-TC		
k141_259029|CGC951	PUL0259	capsule polysaccharide synthesis	853.5	TC-TC;CAZyme-CAZyme		
k141_167358|CGC379	PUL0377	glycosaminoglycan	791.0	TC-TC;CAZyme-CAZyme		
k141_362865|CGC1612	PUL0212	galactomannan	895.0	CAZyme-CAZyme;CAZyme-CAZyme;TC-TC		
k141_394943|CGC1832	PUL0282	galactan	770.0	CAZyme-CAZyme;TC-TC		
k141_198765|CGC595	PUL0608	human milk oligosaccharide	916.4	CAZyme-CAZyme;TC-TC		
k141_212475|CGC664	PUL0254	capsule polysaccharide synthesis	564.0	TC-TC;CAZyme-CAZyme		
k141_360035|CGC1597	PUL0419	pectin	272.0	CAZyme-CAZyme;TC-TC		
k141_1980|CGC588	PUL0279	fructan	689.0	CAZyme-CAZyme;TC-TC;TC-TC		
k141_71184|CGC2152	PUL0638	starch	983.0	STP-STP;CAZyme-CAZyme;TC-TC		
k141_252667|CGC923	PUL0638	starch	825.0	CAZyme-CAZyme;TC-TC		
k141_41572|CGC1951	PUL0209	galactan	840.9	TC-TC;CAZyme-CAZyme		
k141_313979|CGC1300	PUL0634	starch	2574.0	TC-TC;TC-TC;CAZyme-CAZyme;CAZyme-CAZyme		
k141_8386|CGC2231	PUL0349	starch	1342.0	CAZyme-CAZyme;CAZyme-CAZyme;CAZyme-CAZyme	sucrose	3.0
k141_248743|CGC891	PUL0639	starch	719.0	CAZyme-CAZyme;TC-TC		
k141_362894|CGC1613	PUL0424	host glycan	3415.0	TC-TC;TC-TC;TC-TC;TC-TC;CAZyme-CAZyme		
k141_390090|CGC1804	PUL0324	capsule polysaccharide synthesis	277.7	TC-TC;CAZyme-CAZyme		
k141_84242|CGC2232	PUL0063	xyloglucan	231.2	CAZyme-CAZyme;CAZyme-CAZyme		
k141_183864|CGC487	PUL0652	agarose	273.3	TC-TC;CAZyme-CAZyme;TC-TC		
k141_288194|CGC1137	PUL0641	starch	670.0	TC-TC;CAZyme-CAZyme		
k141_3390|CGC1480	PUL0267	glycogen	677.8	TC-TC;CAZyme-CAZyme;CAZyme-CAZyme		
k141_240996|CGC839	PUL0041	cellobiose	490.0	TC-TC;CAZyme-CAZyme		
k141_338215|CGC1473	PUL0075	capsule polysaccharide synthesis	243.0	CAZyme-CAZyme;TC-TC		
k141_304807|CGC1244	PUL0279	fructan	1020.0	TC-TC;TC-TC;TC-TC;CAZyme-CAZyme		
k141_330564|CGC1419	PUL0209	galactan	4974.0	TC-TC;TC-TC;TC-TC;TC-TC;CAZyme-CAZyme;CAZyme-CAZyme;TC-TC	arabinogalactanprotein	2.0
k141_140928|CGC223	PUL0041	cellobiose	637.0	CAZyme-CAZyme;TC-TC		
k141_19626|CGC570	PUL0564	pectin	1015.0	CAZyme-CAZyme;CAZyme-CAZyme		
k141_338277|CGC1474	PUL0519	starch	1461.0	CAZyme-CAZyme;CAZyme-CAZyme		
k141_314509|CGC1306	PUL0321	beta-glucoside	335.1	TC-TC;CAZyme-CAZyme		
k141_400245|CGC1864	PUL0013	arabinan	698.0	TC-TC;TC-TC;CAZyme-CAZyme		
k141_92302|CGC2275	PUL0428	capsule polysaccharide synthesis	357.0	CAZyme-CAZyme;TC-TC		
k141_224148|CGC734	PUL0370	beta-glucoside	974.0	TC-TC;CAZyme-CAZyme		
k141_334521|CGC1446	PUL0501	capsule polysaccharide synthesis	458.0	CAZyme-CAZyme;TC-TC		
k141_39282|CGC1816	PUL0111	melibiose	2078.0	CAZyme-CAZyme;TC-TC		
k141_360726|CGC1599	PUL0041	cellobiose	637.0	CAZyme-CAZyme;TC-TC		
k141_192797|CGC541	PUL0349	starch	895.0	CAZyme-CAZyme;TC-TC		
k141_175896|CGC440	PUL0226	capsule polysaccharide synthesis	193.8	TC-TC;CAZyme-CAZyme		
k141_270530|CGC1031	PUL0195	cellobiose	420.9	TC-TC;TC-TC;CAZyme-CAZyme		
k141_61249|CGC2080	PUL0062	capsule polysaccharide synthesis	241.0	CAZyme-CAZyme;TC-TC		
k141_48172|CGC2000	PUL0366	glycosaminoglycan	5988.0	TC-TC;TC-TC;TC-TC;TC-TC;TC-TC;TC-TC;TC-TC;CAZyme-CAZyme;STP-STP;TC-TC;TC-TC;TC-TC;TC-TC;TC-TC;TC-TC		
k141_310577|CGC1269	PUL0062	capsule polysaccharide synthesis	176.3	CAZyme-CAZyme;TC-TC		
k141_300000|CGC1213	PUL0634	starch	3892.0	TC-TC;TC-TC;CAZyme-CAZyme;STP-STP		
k141_355586|CGC1572	PUL0608	human milk oligosaccharide	770.7	CAZyme-CAZyme;TC-TC		
k141_12759|CGC138	PUL0131	capsule polysaccharide synthesis	1539.8	TC-TC;TC-TC;CAZyme-CAZyme;CAZyme-CAZyme;CAZyme-CAZyme;CAZyme-CAZyme		
k141_1030|CGC15	PUL0063	xyloglucan	329.8	CAZyme-CAZyme;CAZyme-CAZyme		
k141_376630|CGC1710	PUL0267	glycogen	2688.5	CAZyme-CAZyme;CAZyme-CAZyme;CAZyme-CAZyme;CAZyme-CAZyme		
k141_25112|CGC912	PUL0188	capsule polysaccharide synthesis	838.3	CAZyme-CAZyme;STP-STP;CAZyme-CAZyme		
k141_29439|CGC1177	PUL0484	pectin	951.0	CAZyme-CAZyme;CAZyme-CAZyme;CAZyme-CAZyme;CAZyme-CAZyme		
k141_225310|CGC742	PUL0001	beta-mannan	338.5	TC-TC;CAZyme-CAZyme		
k141_167450|CGC381	PUL0608	human milk oligosaccharide	944.0	TC-TC;CAZyme-CAZyme		
k141_370869|CGC1671	PUL0048	trehalose	1205.0	TC-TC;CAZyme-CAZyme		
k141_165455|CGC367	PUL0486	raffinose	2148.0	TC-TC;TC-TC;TC-TC;CAZyme-CAZyme		
k141_365299|CGC1633	PUL0517	capsule polysaccharide synthesis	430.0	CAZyme-CAZyme;TC-TC		
k141_176877|CGC446	PUL0564	pectin	844.0	CAZyme-CAZyme;CAZyme-CAZyme	pectin	2.0
k141_374476|CGC1687					beta-glucan	2.0
k141_85046|CGC2239	PUL0368	human milk oligosaccharide	447.0	TC-TC;CAZyme-CAZyme		
k141_168504|CGC387	PUL0510	capsule polysaccharide synthesis	807.5	CAZyme-CAZyme;CAZyme-CAZyme;CAZyme-CAZyme		
k141_203950|CGC619	PUL0038	melibiose	437.0	CAZyme-CAZyme;CAZyme-CAZyme		
k141_84654|CGC2234	PUL0485	starch	565.8	CAZyme-CAZyme;TC-TC		
k141_67186|CGC2114	PUL0520	xylan	1936.0	CAZyme-CAZyme;CAZyme-CAZyme;TC-TC	xylan	2.0
k141_54557|CGC2035	PUL0392	xylan	763.8	CAZyme-CAZyme;CAZyme-CAZyme	starch	2.0
k141_22495|CGC741	PUL0451	capsule polysaccharide synthesis	806.0	CAZyme-CAZyme;TC-TC;TC-TC		
k141_259608|CGC958	PUL0571	chitin	2381.0	CAZyme-CAZyme;TC-TC;TC-TC;TC-TC		
k141_259954|CGC964	PUL0253	capsule polysaccharide synthesis	536.4	CAZyme-CAZyme;CAZyme-CAZyme		
k141_369828|CGC1664	PUL0596	starch	2909.0	CAZyme-CAZyme;TC-TC;TC-TC		
k141_229429|CGC763	PUL0657	levoglucosan	567.0	CAZyme-CAZyme;CAZyme-CAZyme;TC-TC		
k141_96249|CGC2301	PUL0349	starch	663.0	CAZyme-CAZyme;TC-TC		
k141_381195|CGC1745	PUL0564	pectin	2723.0	CAZyme-CAZyme;CAZyme-CAZyme;CAZyme-CAZyme;CAZyme-CAZyme;TF-TF;TF-TF	pectin	2.0
k141_279312|CGC1091					beta-glucan	2.0
k141_171402|CGC418	PUL0345	xylan	3283.0	CAZyme-CAZyme;CAZyme-CAZyme;TC-TC		
k141_285797|CGC1122	PUL0510	capsule polysaccharide synthesis	830.4	CAZyme-CAZyme;CAZyme-CAZyme;CAZyme-CAZyme		
k141_289776|CGC1152	PUL0351	starch	730.0	CAZyme-CAZyme;TC-TC		
k141_55763|CGC2047	PUL0048	trehalose	1096.0	CAZyme-CAZyme;TC-TC		
k141_234045|CGC783	PUL0524	capsule polysaccharide synthesis	172.0	TC-TC;CAZyme-CAZyme		
k141_262449|CGC985	PUL0349	starch	709.0	CAZyme-CAZyme;TC-TC		
k141_280415|CGC1100	PUL0361	starch	552.9	CAZyme-CAZyme;TC-TC	starch,sucrose	2.0
k141_188185|CGC519	PUL0143	capsule polysaccharide synthesis	390.9	TC-TC;CAZyme-CAZyme		
k141_169170|CGC395	PUL0048	trehalose	543.5	CAZyme-CAZyme;TC-TC		
k141_207860|CGC634	PUL0648	xylan	7722.0	CAZyme-CAZyme;CAZyme-CAZyme;TF-TF;TF-TF;TC-TC;CAZyme-CAZyme	xylan	5.0
k141_62252|CGC2085	PUL0510	capsule polysaccharide synthesis	354.8	CAZyme-CAZyme;CAZyme-CAZyme		
k141_106640|CGC39	PUL0634	starch	3433.0	CAZyme-CAZyme;TC-TC;TC-TC		
k141_61056|CGC2075	PUL0041	cellobiose	529.2	TC-TC;CAZyme-CAZyme		
k141_249584|CGC900	PUL0279	fructan	1022.0	CAZyme-CAZyme;TC-TC;TC-TC;TC-TC		
k141_265708|CGC1007	PUL0068	raffinose	2128.0	CAZyme-CAZyme;TC-TC		
k141_93428|CGC2286	PUL0061	capsule polysaccharide synthesis	1169.8	TC-TC;TC-TC;CAZyme-CAZyme;CAZyme-CAZyme;CAZyme-CAZyme;CAZyme-CAZyme		
k141_376264|CGC1706	PUL0070	capsule polysaccharide synthesis	187.1	CAZyme-CAZyme;TC-TC		
k141_309420|CGC1265	PUL0638	starch	699.0	CAZyme-CAZyme;TC-TC		
k141_400421|CGC1865	PUL0501	capsule polysaccharide synthesis	271.0	CAZyme-CAZyme;CAZyme-CAZyme		
k141_235004|CGC794	PUL0261	capsule polysaccharide synthesis	729.0	TC-TC;CAZyme-CAZyme;CAZyme-CAZyme;CAZyme-CAZyme		
k141_136045|CGC195	PUL0256	capsule polysaccharide synthesis	1021.7	TC-TC;TC-TC;CAZyme-CAZyme		
k141_388516|CGC1786	PUL0361	starch	538.7	TC-TC;CAZyme-CAZyme	starch,sucrose	2.0
k141_257510|CGC944	PUL0122	alpha-galactan	631.0	CAZyme-CAZyme;CAZyme-CAZyme	beta-galactan	2.0
k141_367498|CGC1649	PUL0017	cellobiose	898.0	TC-TC;STP-STP;TC-TC;CAZyme-CAZyme		
k141_236042|CGC805	PUL0519	starch	1382.0	CAZyme-CAZyme;CAZyme-CAZyme		
k141_80239|CGC2214	PUL0621	pectin	2196.0	CAZyme-CAZyme;CAZyme-CAZyme;CAZyme-CAZyme		
k141_3989|CGC1854	PUL0064	xyloglucan	4392.0	CAZyme-CAZyme;TC-TC	beta-glucan	4.0
k141_129844|CGC147	PUL0088	raffinose	3719.0	TC-TC;CAZyme-CAZyme;TC-TC;TC-TC;TC-TC;TC-TC;CAZyme-CAZyme		
k141_258538|CGC950	PUL0261	capsule polysaccharide synthesis	398.8	CAZyme-CAZyme;CAZyme-CAZyme		
k141_274316|CGC1061	PUL0626	arabinan	809.7	TC-TC;TC-TC;CAZyme-CAZyme;CAZyme-CAZyme		
k141_401524|CGC1874	PUL0496	capsule polysaccharide synthesis	929.8	CAZyme-CAZyme;CAZyme-CAZyme		
k141_221081|CGC705	PUL0009	glycosaminoglycan	753.0	TC-TC;TC-TC;CAZyme-CAZyme		
k141_76762|CGC2181	PUL0131	capsule polysaccharide synthesis	183.2	CAZyme-CAZyme;CAZyme-CAZyme		
k141_197112|CGC580	PUL0608	human milk oligosaccharide	1183.0	CAZyme-CAZyme;TC-TC;TC-TC		
k141_199926|CGC605	PUL0236	alpha-glucan	733.0	CAZyme-CAZyme;TC-TC;TC-TC		
k141_339411|CGC1483	PUL0044	arabinoxylan	1807.0	CAZyme-CAZyme;CAZyme-CAZyme;TF-TF;TF-TF		
k141_69412|CGC2136	PUL0287	X	525.0	TC-TC;TC-TC;CAZyme-CAZyme		
k141_34262|CGC1499	PUL0349	starch	1219.0	TC-TC;CAZyme-CAZyme		
k141_51629|CGC2014	PUL0279	fructan	212.0	TC-TC;CAZyme-CAZyme		
k141_241228|CGC842	PUL0570	cellobiose	330.0	TC-TC;CAZyme-CAZyme		
k141_84895|CGC2237	PUL0108	host glycan	238.7	TC-TC;CAZyme-CAZyme		
k141_398669|CGC1851	PUL0510	capsule polysaccharide synthesis	452.90000000000003	CAZyme-CAZyme;CAZyme-CAZyme;CAZyme-CAZyme		
k141_404117|CGC1903	PUL0255	capsule polysaccharide synthesis	276.0	TC-TC;CAZyme-CAZyme		
k141_58927|CGC2062	PUL0267	glycogen	2904.0	CAZyme-CAZyme;CAZyme-CAZyme;CAZyme-CAZyme		
k141_251610|CGC917	PUL0253	capsule polysaccharide synthesis	264.1	CAZyme-CAZyme;CAZyme-CAZyme;CAZyme-CAZyme		
k141_118793|CGC96	PUL0579	glycosaminoglycan	447.0	TC-TC;CAZyme-CAZyme		
k141_227436|CGC752	PUL0608	human milk oligosaccharide	1725.0	TC-TC;TC-TC;CAZyme-CAZyme		
k141_86435|CGC2241	PUL0048	trehalose	654.0	CAZyme-CAZyme;TC-TC		
k141_4743|CGC1996	PUL0402	xylan	1342.0	TC-TC;CAZyme-CAZyme		
k141_148855|CGC274	PUL0017	cellobiose	1274.0	CAZyme-CAZyme;TC-TC;TC-TC		
k141_361844|CGC1605	PUL0210	host glycan	596.0	CAZyme-CAZyme;CAZyme-CAZyme		
k141_16379|CGC360	PUL0291	human milk oligosaccharide	2145.0	CAZyme-CAZyme;TC-TC;TC-TC;TC-TC;TC-TC		
k141_40511|CGC1912	PUL0016	cellobiose	731.0	CAZyme-CAZyme;TC-TC		
k141_259731|CGC959	PUL0321	beta-glucoside	335.1	TC-TC;CAZyme-CAZyme		
k141_111767|CGC62	PUL0642	starch	1013.0	CAZyme-CAZyme;CAZyme-CAZyme		
k141_199847|CGC604	PUL0373	starch	2666.0	TF-TF;CAZyme-CAZyme;TC-TC;TC-TC;STP-STP		
k141_65220|CGC2098	PUL0596	starch	3349.0	CAZyme-CAZyme;TC-TC;TC-TC;STP-STP		
k141_359046|CGC1591	PUL0255	capsule polysaccharide synthesis	278.3	CAZyme-CAZyme;TC-TC		
k141_156454|CGC316	PUL0370	beta-glucoside	819.0	CAZyme-CAZyme;TC-TC		
k141_169172|CGC396	PUL0048	trehalose	440.3	TC-TC;CAZyme-CAZyme		
k141_317416|CGC1319	PUL0258	capsule polysaccharide synthesis	205.1	CAZyme-CAZyme;TC-TC		
k141_95119|CGC2294	PUL0584	melibiose	1489.0	TC-TC;TC-TC;CAZyme-CAZyme;CAZyme-CAZyme		
k141_213629|CGC672	PUL0479	pectin	1116.0	CAZyme-CAZyme;CAZyme-CAZyme		
k141_72729|CGC2163	PUL0639	starch	939.0	TC-TC;CAZyme-CAZyme		
k141_318480|CGC1324	PUL0349	starch	587.0	CAZyme-CAZyme;TC-TC		
k141_292342|CGC1166	PUL0510	capsule polysaccharide synthesis	674.1	CAZyme-CAZyme;CAZyme-CAZyme		
k141_87372|CGC2249	PUL0575	raffinose	276.1	TC-TC;CAZyme-CAZyme		
k141_264721|CGC1000					xylan	8.0
k141_271949|CGC1039	PUL0638	starch	474.2	CAZyme-CAZyme;TC-TC		
k141_297089|CGC1186	PUL0372	beta-glucoside	897.0	TC-TC;CAZyme-CAZyme		
k141_246935|CGC873	PUL0570	cellobiose	471.0	CAZyme-CAZyme;TC-TC		
k141_149280|CGC282	PUL0041	cellobiose	504.2	TC-TC;TC-TC;CAZyme-CAZyme		
k141_152642|CGC299	PUL0604	galactomannan	534.0	CAZyme-CAZyme;TC-TC		
k141_231388|CGC773	PUL0370	beta-glucoside	695.0	TC-TC;CAZyme-CAZyme	xylan	2.0
k141_68015|CGC2119	PUL0212	galactomannan	695.0	TC-TC;CAZyme-CAZyme		
k141_286047|CGC1124	PUL0364	xylan	252.0	CAZyme-CAZyme;TC-TC		
k141_97610|CGC2306	PUL0480	xylan	533.0	TC-TC;CAZyme-CAZyme		
k141_137069|CGC200	PUL0067	xyloglucan	1245.0	CAZyme-CAZyme;TC-TC;TC-TC	beta-glucan	2.0
k141_219924|CGC698	PUL0611	alpha-glucan	1288.0	CAZyme-CAZyme;TC-TC;TF-TF;TC-TC	starch	2.0
k141_339484|CGC1485	PUL0044	arabinoxylan	1604.0	CAZyme-CAZyme;CAZyme-CAZyme;TF-TF;TF-TF		
k141_388660|CGC1790	PUL0023	cellobiose	572.7	TC-TC;CAZyme-CAZyme		
k141_232616|CGC777	PUL0218	arabinan	5152.9	TC-TC;TC-TC;TC-TC;CAZyme-CAZyme		
k141_365050|CGC1629	PUL0570	cellobiose	1686.0	TC-TC;TC-TC;CAZyme-CAZyme	beta-glucan	3.0
k141_80001|CGC2209	PUL0017	cellobiose	1180.0	TC-TC;CAZyme-CAZyme		
k141_275098|CGC1064	PUL0143	capsule polysaccharide synthesis	402.0	TC-TC;CAZyme-CAZyme		
k141_275906|CGC1074	PUL0013	arabinan	2216.0	TC-TC;TC-TC;CAZyme-CAZyme;CAZyme-CAZyme;CAZyme-CAZyme	arabinogalactanprotein	2.0
k141_104788|CGC24	PUL0582	human milk oligosaccharide	713.4	TC-TC;CAZyme-CAZyme		
k141_84505|CGC2233	PUL0048	trehalose	1051.0	CAZyme-CAZyme;TC-TC		
k141_195568|CGC566	PUL0258	capsule polysaccharide synthesis	253.0	CAZyme-CAZyme;TC-TC		
k141_192323|CGC539	PUL0364	xylan	345.3	TC-TC;CAZyme-CAZyme		
k141_284781|CGC1114					beta-glucan	2.0
k141_327535|CGC1382	PUL0596	starch	1989.0	CAZyme-CAZyme;TC-TC;TC-TC	starch	3.0
k141_300593|CGC1221	PUL0019	beta-glucan	958.0	TC-TC;CAZyme-CAZyme;TC-TC		
k141_61520|CGC2083	PUL0143	capsule polysaccharide synthesis	267.0	CAZyme-CAZyme;TC-TC		
k141_280395|CGC1098	PUL0349	starch	629.0	CAZyme-CAZyme;TC-TC		
k141_355284|CGC1570	PUL0190	pectin	3250.0	TC-TC;CAZyme-CAZyme		
k141_221728|CGC714	PUL0604	galactomannan	601.0	CAZyme-CAZyme;TC-TC		
k141_246672|CGC869	PUL0641	starch	912.0	TC-TC;CAZyme-CAZyme		
k141_210062|CGC652	PUL0048	trehalose	644.0	CAZyme-CAZyme;TC-TC		
k141_46422|CGC1987	PUL0395	arabinan	1660.0	TC-TC;TC-TC;CAZyme-CAZyme;CAZyme-CAZyme;CAZyme-CAZyme		
k141_323529|CGC1348					beta-glucan	2.0
k141_167858|CGC384	PUL0023	cellobiose	610.0	TC-TC;CAZyme-CAZyme		
k141_152130|CGC297	PUL0601	pectin	384.8	CAZyme-CAZyme;CAZyme-CAZyme		
k141_381580|CGC1748	PUL0561	alpha-galactan	646.0	CAZyme-CAZyme;TC-TC		
k141_218041|CGC687	PUL0399	beta-galactooligosaccharide	824.0	TC-TC;CAZyme-CAZyme		
k141_186565|CGC505	PUL0203	capsule polysaccharide degradation	1181.0	CAZyme-CAZyme;CAZyme-CAZyme;CAZyme-CAZyme;CAZyme-CAZyme	fructan	2.0
k141_316137|CGC1313	PUL0197	starch	1615.0	CAZyme-CAZyme;CAZyme-CAZyme;TC-TC		
k141_196529|CGC573	PUL0291	human milk oligosaccharide	362.0	CAZyme-CAZyme;TC-TC		
k141_19857|CGC591	PUL0575	raffinose	309.0	TC-TC;CAZyme-CAZyme		
k141_324620|CGC1364	PUL0429	capsule polysaccharide synthesis	198.3	CAZyme-CAZyme;TC-TC		
k141_4302|CGC1959	PUL0670	capsule polysaccharide synthesis	212.4	CAZyme-CAZyme;TC-TC		
k141_344046|CGC1506					xylan,beta-glucan	2.0
k141_245905|CGC861	PUL0351	starch	501.0	TC-TC;CAZyme-CAZyme		
k141_134646|CGC186	PUL0197	starch	728.0	CAZyme-CAZyme;TC-TC		
k141_349660|CGC1536	PUL0214	galactomannan	459.4	TC-TC;CAZyme-CAZyme		
k141_101237|CGC9	PUL0484	pectin	1143.0	CAZyme-CAZyme;CAZyme-CAZyme;CAZyme-CAZyme;CAZyme-CAZyme;CAZyme-CAZyme		
k141_324147|CGC1356	PUL0626	arabinan	781.0	CAZyme-CAZyme;TC-TC;TC-TC		
k141_139861|CGC218	PUL0061	capsule polysaccharide synthesis	205.2	CAZyme-CAZyme;TC-TC		
k141_46422|CGC1986	PUL0626	arabinan	928.0	CAZyme-CAZyme;CAZyme-CAZyme;CAZyme-CAZyme	xylan	2.0
k141_377094|CGC1716	PUL0510	capsule polysaccharide synthesis	579.9	CAZyme-CAZyme;CAZyme-CAZyme;CAZyme-CAZyme;CAZyme-CAZyme		
k141_221651|CGC713	PUL0291	human milk oligosaccharide	3796.0	CAZyme-CAZyme;TC-TC;TC-TC;TC-TC;TC-TC;TC-TC		
k141_143754|CGC243	PUL0210	host glycan	1735.0	CAZyme-CAZyme;TC-TC;TC-TC;TC-TC;CAZyme-CAZyme		
k141_173353|CGC425	PUL0452	capsule polysaccharide synthesis	453.7	CAZyme-CAZyme;CAZyme-CAZyme		
k141_374275|CGC1685	PUL0349	starch	638.0	TC-TC;CAZyme-CAZyme		
k141_92975|CGC2284	PUL0519	starch	1458.0	CAZyme-CAZyme;CAZyme-CAZyme		
k141_397718|CGC1846	PUL0452	capsule polysaccharide synthesis	491.0	TC-TC;TC-TC;CAZyme-CAZyme		
k141_109641|CGC53	PUL0349	starch	330.0	CAZyme-CAZyme;TC-TC		
k141_389101|CGC1794	PUL0196	human milk oligosaccharide	527.0	TF-TF;CAZyme-CAZyme		
k141_145925|CGC255	PUL0642	starch	789.0	CAZyme-CAZyme;TC-TC		
k141_41105|CGC1941	PUL0272	beta-galactooligosaccharide	551.0	TF-TF;CAZyme-CAZyme		
k141_235259|CGC797	PUL0561	alpha-galactan	1304.0	TC-TC;CAZyme-CAZyme		
k141_344951|CGC1512	PUL0229	xylan	1999.0	TC-TC;CAZyme-CAZyme;CAZyme-CAZyme;TC-TC;TC-TC;TC-TC;TC-TC	xylan	5.0
k141_224386|CGC736	PUL0495	capsule polysaccharide synthesis	141.39999999999998	CAZyme-CAZyme;TC-TC		
k141_382001|CGC1750	PUL0585	cellobiose	793.0	TC-TC;CAZyme-CAZyme		
k141_260695|CGC975	PUL0482	pectin	725.0	CAZyme-CAZyme;CAZyme-CAZyme	rhamnose	2.0
k141_321535|CGC1337	PUL0582	human milk oligosaccharide	2883.0	TC-TC;CAZyme-CAZyme		
k141_7134|CGC2153					starch	2.0
k141_376833|CGC1713	PUL0553	xylan	1344.0	CAZyme-CAZyme;CAZyme-CAZyme	xylan	3.0
k141_126223|CGC130	PUL0372	beta-glucoside	806.0	TC-TC;CAZyme-CAZyme		
k141_224137|CGC733	PUL0234	beta-glucan	202.4	TC-TC;CAZyme-CAZyme		
k141_55368|CGC2042	PUL0605	glycogen	6432.0	CAZyme-CAZyme;CAZyme-CAZyme;CAZyme-CAZyme;CAZyme-CAZyme	glycogen	2.0
k141_146094|CGC258	PUL0638	starch	965.0	STP-STP;CAZyme-CAZyme;TC-TC		
k141_75673|CGC2179	PUL0097	host glycan	1061.0	TC-TC;CAZyme-CAZyme;CAZyme-CAZyme		
k141_55525|CGC2043	PUL0016	cellobiose	727.0	CAZyme-CAZyme;STP-STP		
k141_305989|CGC1251	PUL0224	cellulose	482.0	CAZyme-CAZyme;TC-TC		
k141_230411|CGC769	PUL0608	human milk oligosaccharide	1143.0	TC-TC;CAZyme-CAZyme		
k141_167175|CGC378	PUL0278	fructan	659.0	TC-TC;CAZyme-CAZyme		
k141_83522|CGC2229	PUL0575	raffinose	187.9	CAZyme-CAZyme;TC-TC		
k141_287110|CGC1131	PUL0390	xylan	172.10000000000002	CAZyme-CAZyme;TC-TC		
k141_400654|CGC1869	PUL0279	fructan	356.0	TC-TC;CAZyme-CAZyme		
k141_133668|CGC174	PUL0256	capsule polysaccharide synthesis	157.4	CAZyme-CAZyme;TC-TC		
k141_118916|CGC97	PUL0349	starch	619.0	CAZyme-CAZyme;TC-TC		
k141_196609|CGC577	PUL0255	capsule polysaccharide synthesis	269.1	TC-TC;CAZyme-CAZyme		
k141_327586|CGC1383	PUL0661	capsule polysaccharide synthesis	287.3	TC-TC;TC-TC;CAZyme-CAZyme		
k141_212046|CGC662	PUL0349	starch	676.0	CAZyme-CAZyme;TC-TC		
k141_413344|CGC1945	PUL0197	starch	1807.0	TC-TC;CAZyme-CAZyme;CAZyme-CAZyme		
k141_338303|CGC1475	PUL0608	human milk oligosaccharide	443.9	CAZyme-CAZyme;TC-TC		
k141_140068|CGC219					beta-glucan	2.0
k141_68254|CGC2120	PUL0287	X	1140.8	TC-TC;TC-TC;TC-TC;CAZyme-CAZyme		
k141_323857|CGC1352	PUL0362	starch	595.4	CAZyme-CAZyme;TF-TF	sucrose	2.0
k141_68898|CGC2130	PUL0287	X	493.5	TC-TC;TC-TC;CAZyme-CAZyme		
k141_240173|CGC835	PUL0561	alpha-galactan	816.0	CAZyme-CAZyme;TC-TC		
k141_100728|CGC4					starch	2.0
k141_46362|CGC1985					beta-glucan	2.0
k141_70623|CGC2148	PUL0584	melibiose	851.0	TC-TC;TC-TC;TF-TF;CAZyme-CAZyme		
k141_250981|CGC911	PUL0395	arabinan	1629.0	CAZyme-CAZyme;CAZyme-CAZyme;CAZyme-CAZyme;TC-TC;TC-TC		
k141_207792|CGC632	PUL0634	starch	3181.0	TC-TC;TC-TC;CAZyme-CAZyme;STP-STP		
k141_234916|CGC791	PUL0197	starch	1731.0	TC-TC;CAZyme-CAZyme;CAZyme-CAZyme		
k141_212086|CGC663	PUL0349	starch	1212.0	TC-TC;CAZyme-CAZyme		
k141_69098|CGC2132	PUL0010	xylan	333.7	TC-TC;CAZyme-CAZyme		
k141_326229|CGC1375	PUL0351	starch	2429.0	TC-TC;CAZyme-CAZyme		
k141_27014|CGC1026	PUL0041	cellobiose	471.0	CAZyme-CAZyme;TC-TC		
k141_40281|CGC1887	PUL0510	capsule polysaccharide synthesis	828.8	CAZyme-CAZyme;CAZyme-CAZyme;CAZyme-CAZyme;CAZyme-CAZyme		
k141_330134|CGC1411	PUL0010	xylan	1333.0	TC-TC;TC-TC;TC-TC;CAZyme-CAZyme		
k141_232616|CGC776	PUL0421	starch	3039.1	TC-TC;TC-TC;CAZyme-CAZyme;CAZyme-CAZyme;CAZyme-CAZyme	starch	4.0
k141_64268|CGC2094	PUL0226	capsule polysaccharide synthesis	244.7	CAZyme-CAZyme;TC-TC		
k141_384066|CGC1766	PUL0267	glycogen	2641.0	CAZyme-CAZyme;CAZyme-CAZyme;CAZyme-CAZyme	starch	2.0
k141_200169|CGC608	PUL0253	capsule polysaccharide synthesis	335.9	CAZyme-CAZyme;CAZyme-CAZyme		
k141_255910|CGC935	PUL0538	galactomannan	1490.9	CAZyme-CAZyme;CAZyme-CAZyme;CAZyme-CAZyme;CAZyme-CAZyme;TC-TC		
k141_33655|CGC1460	PUL0066	xyloglucan	2997.0	CAZyme-CAZyme;CAZyme-CAZyme		
k141_400213|CGC1862	PUL0649	capsule polysaccharide synthesis	202.8	CAZyme-CAZyme;TC-TC		
k141_8471|CGC2235	PUL0452	capsule polysaccharide synthesis	551.0	CAZyme-CAZyme;TC-TC		
k141_140421|CGC221	PUL0570	cellobiose	987.0	TC-TC;CAZyme-CAZyme		
k141_375698|CGC1697	PUL0108	host glycan	311.0	TC-TC;CAZyme-CAZyme		
k141_193933|CGC552	PUL0605	glycogen	732.0	CAZyme-CAZyme;CAZyme-CAZyme		
k141_250748|CGC909	PUL0188	capsule polysaccharide synthesis	728.2	CAZyme-CAZyme;TC-TC		
k141_219313|CGC695	PUL0399	beta-galactooligosaccharide	946.0	CAZyme-CAZyme;CAZyme-CAZyme		
k141_105673|CGC29	PUL0268	starch	607.0	CAZyme-CAZyme;CAZyme-CAZyme;TC-TC;TC-TC	sucrose,starch	2.0
k141_93682|CGC2289	PUL0399	beta-galactooligosaccharide	417.0	TC-TC;CAZyme-CAZyme		
k141_43197|CGC1961	PUL0626	arabinan	2171.0	CAZyme-CAZyme;CAZyme-CAZyme;TC-TC;TC-TC;TC-TC;CAZyme-CAZyme;CAZyme-CAZyme		
k141_294495|CGC1179	PUL0593	starch	483.1	CAZyme-CAZyme;TC-TC;TC-TC		
k141_28212|CGC1109	PUL0230	starch	3423.0	CAZyme-CAZyme;TC-TC;CAZyme-CAZyme;TC-TC;TC-TC;TC-TC	starch	5.0
k141_156398|CGC315					starch	2.0
k141_262372|CGC984	PUL0519	starch	1498.0	CAZyme-CAZyme;CAZyme-CAZyme		
k141_79745|CGC2207	PUL0062	capsule polysaccharide synthesis	119.0	CAZyme-CAZyme;CAZyme-CAZyme		
k141_169724|CGC405	PUL0669	xylan	392.0	TC-TC;CAZyme-CAZyme		
k141_221081|CGC706	PUL0013	arabinan	1163.6	CAZyme-CAZyme;TC-TC;TC-TC;TC-TC;TF-TF		
k141_270937|CGC1033	PUL0325	beta-glucan	2322.0	CAZyme-CAZyme;TC-TC		
k141_44392|CGC1974	PUL0006	galactan	435.8	STP-STP;CAZyme-CAZyme		
k141_382669|CGC1755	PUL0061	capsule polysaccharide synthesis	165.7	TC-TC;CAZyme-CAZyme		
k141_183672|CGC484	PUL0518	capsule polysaccharide synthesis	544.9	STP-STP;CAZyme-CAZyme		
k141_284956|CGC1116	PUL0143	capsule polysaccharide synthesis	370.4	CAZyme-CAZyme;TC-TC		
k141_68336|CGC2123	PUL0324	capsule polysaccharide synthesis	2357.0	TC-TC;TC-TC;CAZyme-CAZyme		
k141_172379|CGC422	PUL0608	human milk oligosaccharide	1463.0	TC-TC;TC-TC;CAZyme-CAZyme		
k141_331791|CGC1430	PUL0128	arabinan	688.9	TC-TC;TC-TC;CAZyme-CAZyme		
k141_94472|CGC2291	PUL0642	starch	1006.0	CAZyme-CAZyme;TC-TC;TC-TC		
k141_34827|CGC1527	PUL0638	starch	446.2	CAZyme-CAZyme;TC-TC		
k141_129283|CGC143	PUL0575	raffinose	321.0	TC-TC;CAZyme-CAZyme		
k141_121770|CGC113	PUL0608	human milk oligosaccharide	1880.0	TC-TC;TC-TC;TC-TC;CAZyme-CAZyme		
k141_278295|CGC1087	PUL0330	pectin	743.0	CAZyme-CAZyme;CAZyme-CAZyme;TC-TC;TC-TC		
k141_266765|CGC1013	PUL0048	trehalose	936.0	TC-TC;CAZyme-CAZyme		
k141_132915|CGC168	PUL0048	trehalose	589.0	CAZyme-CAZyme;TC-TC		
k141_155784|CGC312					hostglycan	2.0
k141_399773|CGC1859	PUL0349	starch	1153.0	TC-TC;CAZyme-CAZyme		
k141_86644|CGC2243	PUL0048	trehalose	653.0	TC-TC;CAZyme-CAZyme		
k141_56303|CGC2050	PUL0506	capsule polysaccharide synthesis	166.8	CAZyme-CAZyme;CAZyme-CAZyme		
k141_337776|CGC1470	PUL0017	cellobiose	1285.0	TC-TC;TC-TC;CAZyme-CAZyme		
k141_70774|CGC2149	PUL0261	capsule polysaccharide synthesis	747.0	CAZyme-CAZyme;CAZyme-CAZyme;CAZyme-CAZyme;TC-TC		
k141_43357|CGC1963	PUL0368	human milk oligosaccharide	511.3	CAZyme-CAZyme;TC-TC;TC-TC		
k141_323618|CGC1349	PUL0510	capsule polysaccharide synthesis	719.3	CAZyme-CAZyme;CAZyme-CAZyme;CAZyme-CAZyme;CAZyme-CAZyme		
k141_272262|CGC1041	PUL0349	starch	867.0	TC-TC;CAZyme-CAZyme		
k141_617|CGC2084	PUL0349	starch	713.0	CAZyme-CAZyme;TC-TC		
k141_44340|CGC1973	PUL0286	capsule polysaccharide synthesis	868.6	CAZyme-CAZyme;TC-TC		
k141_39588|CGC1841	PUL0327	starch	904.0	CAZyme-CAZyme;TC-TC;TC-TC		
k141_253497|CGC928	PUL0510	capsule polysaccharide synthesis	646.2	CAZyme-CAZyme;CAZyme-CAZyme		
k141_328916|CGC1397	PUL0261	capsule polysaccharide synthesis	390.6	CAZyme-CAZyme;CAZyme-CAZyme		
k141_211451|CGC660	PUL0261	capsule polysaccharide synthesis	649.7	CAZyme-CAZyme;CAZyme-CAZyme;CAZyme-CAZyme;CAZyme-CAZyme;TC-TC		
k141_203331|CGC617	PUL0197	starch	1782.0	TC-TC;CAZyme-CAZyme;CAZyme-CAZyme		
k141_79745|CGC2206	PUL0648	xylan	330.0	TC-TC;CAZyme-CAZyme		
k141_390646|CGC1808	PUL0017	cellobiose	1213.0	CAZyme-CAZyme;TC-TC		
k141_382473|CGC1753	PUL0626	arabinan	3905.0	TC-TC;TC-TC;CAZyme-CAZyme;CAZyme-CAZyme;CAZyme-CAZyme;CAZyme-CAZyme;CAZyme-CAZyme;CAZyme-CAZyme;CAZyme-CAZyme;TC-TC;TC-TC;CAZyme-CAZyme;CAZyme-CAZyme	arabinan	3.0
k141_227425|CGC751	PUL0402	xylan	2126.0	TC-TC;CAZyme-CAZyme	xylan	2.0
k141_93181|CGC2285	PUL0142	starch	380.0	CAZyme-CAZyme;TC-TC		
k141_352317|CGC1551	PUL0626	arabinan	624.0	CAZyme-CAZyme;TC-TC		
k141_46422|CGC1988	PUL0017	cellobiose	1202.0	CAZyme-CAZyme;TC-TC		
k141_237086|CGC813	PUL0519	starch	1362.0	TC-TC;TC-TC;TF-TF;CAZyme-CAZyme;CAZyme-CAZyme		
k141_61251|CGC2081	PUL0017	cellobiose	883.0	TC-TC;CAZyme-CAZyme		
k141_33333|CGC1438	PUL0658	beta-mannooligosaccharide	763.0	CAZyme-CAZyme;CAZyme-CAZyme		
k141_259029|CGC952	PUL0131	capsule polysaccharide synthesis	8823.6	TC-TC;TC-TC;STP-STP;CAZyme-CAZyme;CAZyme-CAZyme;CAZyme-CAZyme		
k141_264617|CGC998	PUL0608	human milk oligosaccharide	430.1	CAZyme-CAZyme;TC-TC		
k141_117509|CGC87	PUL0590	starch	616.2	CAZyme-CAZyme;TC-TC;TC-TC		
k141_358658|CGC1586	PUL0168	galactose	166.4	CAZyme-CAZyme;TC-TC		
k141_364337|CGC1625	PUL0652	agarose	192.2	CAZyme-CAZyme;TC-TC		
k141_142909|CGC228	PUL0524	capsule polysaccharide synthesis	212.2	TC-TC;CAZyme-CAZyme;CAZyme-CAZyme		
k141_116356|CGC79	PUL0230	starch	640.0	CAZyme-CAZyme;TC-TC	starch,sucrose	2.0
k141_2835|CGC1111	PUL0599	xylan	563.9	CAZyme-CAZyme;TC-TC		
k141_380045|CGC1737	PUL0485	starch	535.0	CAZyme-CAZyme;CAZyme-CAZyme		
k141_402053|CGC1881	PUL0510	capsule polysaccharide synthesis	755.0	CAZyme-CAZyme;CAZyme-CAZyme;CAZyme-CAZyme		
k141_69350|CGC2133	PUL0041	cellobiose	1884.0	TC-TC;CAZyme-CAZyme		
k141_104967|CGC25	PUL0267	glycogen	2855.0	CAZyme-CAZyme;CAZyme-CAZyme;CAZyme-CAZyme;CAZyme-CAZyme		
k141_391117|CGC1811	PUL0090	capsule polysaccharide synthesis	2674.0	TC-TC;CAZyme-CAZyme		
k141_17291|CGC424	PUL0368	human milk oligosaccharide	575.0	CAZyme-CAZyme;TC-TC		
k141_378905|CGC1726					beta-mannan,beta-galactan	2.0
k141_28788|CGC1134	PUL0113	host glycan	1896.3	CAZyme-CAZyme;TC-TC;TC-TC;TC-TC;TC-TC;TC-TC;TC-TC		
k141_99321|CGC2318	PUL0534	pectin	193.2	CAZyme-CAZyme;TC-TC		
k141_114588|CGC71	PUL0013	arabinan	774.8	TC-TC;TC-TC;CAZyme-CAZyme		
k141_299971|CGC1212	PUL0048	trehalose	1483.0	CAZyme-CAZyme;TC-TC;TC-TC		
k141_287769|CGC1133	PUL0608	human milk oligosaccharide	1140.0	TC-TC;CAZyme-CAZyme		
k141_6350|CGC2092					hostglycan	7.0
k141_133126|CGC170					xylan,beta-glucan	2.0
k141_328916|CGC1399	PUL0514	capsule polysaccharide synthesis	422.1	CAZyme-CAZyme;TC-TC		
k141_100798|CGC7	PUL0642	starch	378.6	CAZyme-CAZyme;TC-TC		
k141_80237|CGC2213	PUL0188	capsule polysaccharide synthesis	445.0	CAZyme-CAZyme;TC-TC		
k141_228405|CGC756	PUL0604	galactomannan	792.0	CAZyme-CAZyme;TC-TC		
k141_131207|CGC157	PUL0510	capsule polysaccharide synthesis	871.9	CAZyme-CAZyme;CAZyme-CAZyme;CAZyme-CAZyme;CAZyme-CAZyme;CAZyme-CAZyme;CAZyme-CAZyme		
k141_366501|CGC1642	PUL0519	starch	494.7	TF-TF;CAZyme-CAZyme		
k141_363183|CGC1614	PUL0629	capsule polysaccharide synthesis	177.60000000000002	TC-TC;CAZyme-CAZyme		
k141_350267|CGC1543	PUL0253	capsule polysaccharide synthesis	649.4	CAZyme-CAZyme;CAZyme-CAZyme;CAZyme-CAZyme;CAZyme-CAZyme;CAZyme-CAZyme;CAZyme-CAZyme		
k141_28595|CGC1123	PUL0649	capsule polysaccharide synthesis	212.6	CAZyme-CAZyme;TC-TC		
k141_289680|CGC1149	PUL0061	capsule polysaccharide synthesis	613.6	CAZyme-CAZyme;CAZyme-CAZyme		
k141_401630|CGC1876	PUL0652	agarose	277.3	TC-TC;CAZyme-CAZyme;TC-TC		
k141_265447|CGC1006	PUL0364	xylan	287.0	TC-TC;CAZyme-CAZyme		
k141_261590|CGC979	PUL0669	xylan	371.0	TC-TC;CAZyme-CAZyme		
k141_344752|CGC1511					hostglycan	7.0
k141_196529|CGC574	PUL0349	starch	1260.0	CAZyme-CAZyme;TC-TC		
k141_183078|CGC479	PUL0479	pectin	665.0	TC-TC;CAZyme-CAZyme		
k141_164281|CGC362	PUL0529	pectin	372.4	CAZyme-CAZyme;CAZyme-CAZyme		
k141_150791|CGC291	PUL0041	cellobiose	765.0	TC-TC;CAZyme-CAZyme		
k141_118961|CGC98	PUL0561	alpha-galactan	823.0	TC-TC;CAZyme-CAZyme		
k141_3989|CGC1853	PUL0538	galactomannan	3055.4	TC-TC;CAZyme-CAZyme;CAZyme-CAZyme;CAZyme-CAZyme;CAZyme-CAZyme;TC-TC		
k141_87145|CGC2247	PUL0544	ribose	1855.0	TC-TC;CAZyme-CAZyme		
k141_407007|CGC1925	PUL0381	chitin	513.6	TC-TC;CAZyme-CAZyme;TC-TC		
k141_402886|CGC1888	PUL0016	cellobiose	515.0	CAZyme-CAZyme;TC-TC		
k141_83483|CGC2228	PUL0641	starch	835.0	CAZyme-CAZyme;TC-TC		
k141_260329|CGC969	PUL0349	starch	746.0	TC-TC;CAZyme-CAZyme		
k141_53502|CGC2026	PUL0213	galactomannan	269.3	CAZyme-CAZyme;TC-TC;TC-TC		
k141_235187|CGC796	PUL0642	starch	768.0	TF-TF;CAZyme-CAZyme		
k141_272079|CGC1040	PUL0041	cellobiose	826.0	CAZyme-CAZyme;TC-TC		
k141_40969|CGC1938	PUL0070	capsule polysaccharide synthesis	712.7	TC-TC;STP-STP;TC-TC;TC-TC;CAZyme-CAZyme		
k141_79633|CGC2204	PUL0017	cellobiose	1224.0	TC-TC;CAZyme-CAZyme		
k141_279202|CGC1090	PUL0197	starch	611.0	TC-TC;CAZyme-CAZyme		
k141_37867|CGC1724	PUL0101	host glycan	534.0	CAZyme-CAZyme;CAZyme-CAZyme		
k141_91803|CGC2272	PUL0638	starch	1105.0	CAZyme-CAZyme;TC-TC		
k141_180663|CGC465	PUL0453	capsule polysaccharide synthesis	560.0	CAZyme-CAZyme;TC-TC		
k141_307001|CGC1259	PUL0058	glycogen	823.0	CAZyme-CAZyme;CAZyme-CAZyme		
k141_42496|CGC1955	PUL0118	beta-glucan	2533.0	CAZyme-CAZyme;CAZyme-CAZyme;TC-TC	beta-glucan	3.0
k141_25677|CGC940	PUL0001	beta-mannan	5379.0	TC-TC;CAZyme-CAZyme;CAZyme-CAZyme;CAZyme-CAZyme;TC-TC;TC-TC	beta-mannan	3.0
k141_99076|CGC2316	PUL0041	cellobiose	559.0	TC-TC;CAZyme-CAZyme		
k141_403525|CGC1898	PUL0224	cellulose	289.0	TC-TC;CAZyme-CAZyme		
k141_247231|CGC876	PUL0399	beta-galactooligosaccharide	1781.0	TC-TC;CAZyme-CAZyme		
k141_164799|CGC363	PUL0230	starch	803.0	TC-TC;CAZyme-CAZyme		
k141_281764|CGC1105	PUL0505	capsule polysaccharide synthesis	176.0	CAZyme-CAZyme;CAZyme-CAZyme;CAZyme-CAZyme		
k141_311904|CGC1287	PUL0210	host glycan	592.0	CAZyme-CAZyme;CAZyme-CAZyme		
k141_49833|CGC2008	PUL0642	starch	1146.0	TC-TC;TC-TC;CAZyme-CAZyme		
k141_321535|CGC1338	PUL0452	capsule polysaccharide synthesis	1547.0	CAZyme-CAZyme;CAZyme-CAZyme;CAZyme-CAZyme		
k141_305938|CGC1250	PUL0023	cellobiose	626.0	CAZyme-CAZyme;TC-TC		
k141_27803|CGC1084	PUL0516	capsule polysaccharide synthesis	401.0	CAZyme-CAZyme;TC-TC		
k141_199314|CGC600	PUL0197	starch	696.0	CAZyme-CAZyme;TC-TC		
k141_213020|CGC671	PUL0510	capsule polysaccharide synthesis	493.0	CAZyme-CAZyme;CAZyme-CAZyme		
k141_198581|CGC592	PUL0608	human milk oligosaccharide	7385.0	TC-TC;TC-TC;CAZyme-CAZyme;CAZyme-CAZyme;TC-TC;TC-TC;TC-TC;TF-TF	humanmilkpolysaccharide	2.0
k141_273734|CGC1055	PUL0230	starch	1090.0	TC-TC;CAZyme-CAZyme		
k141_327613|CGC1385	PUL0657	levoglucosan	207.1	CAZyme-CAZyme;TC-TC		
k141_74299|CGC2173	PUL0380	mucin	3835.0	TC-TC;CAZyme-CAZyme;CAZyme-CAZyme;CAZyme-CAZyme;CAZyme-CAZyme;CAZyme-CAZyme;CAZyme-CAZyme	hostglycan	2.0
k141_195243|CGC563	PUL0253	capsule polysaccharide synthesis	487.2	CAZyme-CAZyme;CAZyme-CAZyme		
k141_314052|CGC1301	PUL0521	capsule polysaccharide synthesis	213.4	CAZyme-CAZyme;TC-TC		
k141_177573|CGC453	PUL0017	cellobiose	606.0	CAZyme-CAZyme;TC-TC	beta-glucan	4.0
k141_38353|CGC1762	PUL0267	glycogen	740.0	CAZyme-CAZyme;CAZyme-CAZyme		
k141_159702|CGC336	PUL0483	pectin	1341.4	TC-TC;TC-TC;CAZyme-CAZyme		
k141_272328|CGC1043	PUL0603	galactomannan	461.0	TC-TC;CAZyme-CAZyme		
k141_403150|CGC1890	PUL0131	capsule polysaccharide synthesis	2610.0	CAZyme-CAZyme;CAZyme-CAZyme;CAZyme-CAZyme;TC-TC		
k141_133416|CGC172	PUL0321	beta-glucoside	667.5	CAZyme-CAZyme;TC-TC;TC-TC		
k141_189918|CGC528	PUL0608	human milk oligosaccharide	3399.0	CAZyme-CAZyme;TC-TC;TC-TC;TC-TC;CAZyme-CAZyme	humanmilkpolysaccharide	2.0
k141_4460|CGC1975	PUL0306	galactan	3478.0	CAZyme-CAZyme;CAZyme-CAZyme;CAZyme-CAZyme;TC-TC;TC-TC		
k141_406818|CGC1924	PUL0016	cellobiose	419.5	CAZyme-CAZyme;TC-TC		
k141_118257|CGC92	PUL0510	capsule polysaccharide synthesis	906.2	CAZyme-CAZyme;CAZyme-CAZyme;CAZyme-CAZyme		
k141_613|CGC2082	PUL0268	starch	382.7	CAZyme-CAZyme;TC-TC;TC-TC		
k141_324803|CGC1366	PUL0349	starch	885.0	TC-TC;CAZyme-CAZyme		
k141_170479|CGC413	PUL0501	capsule polysaccharide synthesis	263.7	CAZyme-CAZyme;TC-TC		
k141_389074|CGC1793	PUL0048	trehalose	660.0	TC-TC;CAZyme-CAZyme		
k141_42205|CGC1953	PUL0280	capsule polysaccharide synthesis	266.6	CAZyme-CAZyme;TC-TC		
k141_352459|CGC1552	PUL0230	starch	1168.0	TC-TC;TC-TC;TC-TC;CAZyme-CAZyme	starch	3.0
k141_157840|CGC325	PUL0158	human milk oligosaccharide	1236.0	CAZyme-CAZyme;TC-TC;TC-TC		
k141_373929|CGC1681	PUL0626	arabinan	807.0	CAZyme-CAZyme;CAZyme-CAZyme;CAZyme-CAZyme		
k141_170930|CGC417	PUL0253	capsule polysaccharide synthesis	434.0	CAZyme-CAZyme;CAZyme-CAZyme		
k141_208617|CGC644	PUL0309	arabinan	858.0	CAZyme-CAZyme;CAZyme-CAZyme;TC-TC		
k141_376899|CGC1715	PUL0100	chitin	2706.0	CAZyme-CAZyme;TC-TC;TC-TC;TC-TC		
k141_69412|CGC2135	PUL0351	starch	1211.0	TF-TF;TC-TC;CAZyme-CAZyme	pectin	2.0
k141_233670|CGC781	PUL0591	glycosaminoglycan	343.0	TF-TF;CAZyme-CAZyme		
k141_134042|CGC179	PUL0605	glycogen	5734.0	CAZyme-CAZyme;CAZyme-CAZyme;CAZyme-CAZyme;CAZyme-CAZyme	glycogen	2.0
k141_311192|CGC1275	PUL0453	capsule polysaccharide synthesis	787.0	CAZyme-CAZyme;TC-TC;TC-TC		
k141_294051|CGC1175	PUL0642	starch	2823.0	CAZyme-CAZyme;CAZyme-CAZyme;TC-TC;TC-TC		
k141_78331|CGC2190	PUL0368	human milk oligosaccharide	1137.0	CAZyme-CAZyme;CAZyme-CAZyme;CAZyme-CAZyme	hostglycan	2.0
k141_215748|CGC679	PUL0001	beta-mannan	964.0	CAZyme-CAZyme;TC-TC		
k141_355800|CGC1573	PUL0271	gentiobiose	1176.0	CAZyme-CAZyme;CAZyme-CAZyme	arabinan	2.0
k141_358723|CGC1588	PUL0510	capsule polysaccharide synthesis	1108.0	CAZyme-CAZyme;CAZyme-CAZyme;CAZyme-CAZyme		
k141_294042|CGC1174	PUL0018	glycosaminoglycan	346.0	CAZyme-CAZyme;TC-TC;TC-TC		
k141_358382|CGC1584	PUL0008	fructan	3412.0	STP-STP;TC-TC;CAZyme-CAZyme;CAZyme-CAZyme;TC-TC;TC-TC		
k141_143305|CGC235	PUL0510	capsule polysaccharide synthesis	1047.7	CAZyme-CAZyme;CAZyme-CAZyme;CAZyme-CAZyme;CAZyme-CAZyme;CAZyme-CAZyme		
k141_160480|CGC343	PUL0267	glycogen	1602.0	CAZyme-CAZyme;CAZyme-CAZyme;CAZyme-CAZyme		
k141_368911|CGC1657	PUL0349	starch	647.0	CAZyme-CAZyme;TC-TC		
k141_345963|CGC1517	PUL0291	human milk oligosaccharide	311.0	TC-TC;CAZyme-CAZyme		
k141_13787|CGC206	PUL0253	capsule polysaccharide synthesis	384.0	CAZyme-CAZyme;CAZyme-CAZyme;CAZyme-CAZyme		
k141_156082|CGC313	PUL0321	beta-glucoside	666.0	CAZyme-CAZyme;TC-TC		
k141_283826|CGC1112	PUL0282	galactan	2367.0	TC-TC;TC-TC;TC-TC;CAZyme-CAZyme		
k141_196918|CGC579	PUL0108	host glycan	331.0	CAZyme-CAZyme;TC-TC		
k141_5440|CGC2032	PUL0062	capsule polysaccharide synthesis	308.3	TC-TC;CAZyme-CAZyme		
k141_168934|CGC392	PUL0399	beta-galactooligosaccharide	362.0	TC-TC;CAZyme-CAZyme		
k141_160068|CGC338	PUL0611	alpha-glucan	559.2	CAZyme-CAZyme;CAZyme-CAZyme;CAZyme-CAZyme	starch	3.0
k141_197465|CGC583					xylan	2.0
k141_94970|CGC2292	PUL0642	starch	2428.0	TC-TC;TC-TC;CAZyme-CAZyme;CAZyme-CAZyme		
k141_245390|CGC860	PUL0658	beta-mannooligosaccharide	5657.0	TC-TC;CAZyme-CAZyme;CAZyme-CAZyme;TC-TC;TC-TC	beta-mannan	2.0
k141_200844|CGC611	PUL0553	xylan	911.0	TC-TC;CAZyme-CAZyme		
k141_186031|CGC502	PUL0510	capsule polysaccharide synthesis	500.7	CAZyme-CAZyme;CAZyme-CAZyme;CAZyme-CAZyme;CAZyme-CAZyme;CAZyme-CAZyme;CAZyme-CAZyme		
k141_134159|CGC183	PUL0519	starch	1058.0	TF-TF;CAZyme-CAZyme		
k141_297237|CGC1190	PUL0284	galactomannan	142.4	TC-TC;CAZyme-CAZyme		
k141_157284|CGC321	PUL0306	galactan	3125.0	TC-TC;TC-TC;CAZyme-CAZyme;CAZyme-CAZyme		
k141_278085|CGC1086	PUL0495	capsule polysaccharide synthesis	369.2	CAZyme-CAZyme;CAZyme-CAZyme;TC-TC		
k141_224030|CGC732					starch,sucrose	2.0
k141_311712|CGC1284	PUL0010	xylan	808.0	TC-TC;TC-TC;CAZyme-CAZyme		
k141_127701|CGC139					xylan	31.0
k141_143376|CGC240	PUL0255	capsule polysaccharide synthesis	259.9	CAZyme-CAZyme;TC-TC		
k141_260635|CGC974	PUL0494	capsule polysaccharide synthesis	171.8	CAZyme-CAZyme;CAZyme-CAZyme		
k141_297237|CGC1189	PUL0617	xylan	480.5	CAZyme-CAZyme;CAZyme-CAZyme;CAZyme-CAZyme;CAZyme-CAZyme	xylan	2.0
k141_238375|CGC821	PUL0349	starch	1281.0	CAZyme-CAZyme;TC-TC		
k141_71001|CGC2151					chitin	2.0
k141_1778|CGC455	PUL0075	capsule polysaccharide synthesis	228.7	CAZyme-CAZyme;CAZyme-CAZyme		
k141_66653|CGC2109	PUL0608	human milk oligosaccharide	2599.0	TC-TC;TC-TC;TC-TC;CAZyme-CAZyme		
k141_163044|CGC356	PUL0548	pectin	843.0	CAZyme-CAZyme;TC-TC		
k141_370041|CGC1666	PUL0368	human milk oligosaccharide	738.0	CAZyme-CAZyme;TC-TC		
k141_372675|CGC1678	PUL0038	melibiose	423.0	TC-TC;CAZyme-CAZyme		
k141_148840|CGC273					hostglycan	3.0
k141_2108|CGC657	PUL0061	capsule polysaccharide synthesis	255.1	TC-TC;CAZyme-CAZyme		
k141_376258|CGC1705	PUL0596	starch	710.0	CAZyme-CAZyme;TC-TC;TC-TC		
k141_149797|CGC284	PUL0518	capsule polysaccharide synthesis	221.1	CAZyme-CAZyme;CAZyme-CAZyme		
k141_328830|CGC1394	PUL0608	human milk oligosaccharide	1601.0	CAZyme-CAZyme;TC-TC;TC-TC		
k141_222016|CGC719	PUL0510	capsule polysaccharide synthesis	449.3	CAZyme-CAZyme;CAZyme-CAZyme;CAZyme-CAZyme;CAZyme-CAZyme;CAZyme-CAZyme		
k141_82044|CGC2221	PUL0193	pectin	900.0	CAZyme-CAZyme;CAZyme-CAZyme;CAZyme-CAZyme;CAZyme-CAZyme		
k141_255080|CGC931	PUL0419	pectin	355.9	CAZyme-CAZyme;TC-TC		
